﻿<?xml version="1.0" encoding="utf-8"?>
<!--DO NOT EDIT. This document is generated by PSoC Creator design builds.-->
<PSoCCreatorIdeExport Version="1">
  <Device Part="CY8C5888LTQ-LP097" Processor="CortexM3" DeviceID="2E161069" />
  <Toolchains>
    <Toolchain Name="ARM GCC Generic" Selected="True">
      <Tool Name="prebuild" Command="" Options="" />
      <Tool Name="assembler" Command="arm-none-eabi-as.exe" Options="-mcpu=cortex-m3 -mthumb -I. -IGenerated_Source\PSoC5 -alh=${OutputDir}/${CompileFile}.lst -g -W" />
      <Tool Name="compiler" Command="arm-none-eabi-gcc.exe" Options="-mcpu=cortex-m3 -mthumb -I.\source\asw -I.\source\bsw -I. -IGenerated_Source\PSoC5 -Wa,-alh=${OutputDir}/${CompileFile}.lst -g -D DEBUG -D CY_CORE_ID=0 -Wall -ffunction-sections -ffat-lto-objects -Og" />
      <Tool Name="linker" Command="arm-none-eabi-gcc.exe" Options="-mcpu=cortex-m3 -mthumb -L Generated_Source\PSoC5 -Wl,-Map,${OutputDir}/${ProjectShortName}.map -T Generated_Source\PSoC5\cm3gcc.ld -specs=nano.specs -Wl,--gc-sections -g -ffunction-sections -Og -ffat-lto-objects" />
      <Tool Name="postbuild" Command="" Options="" />
    </Toolchain>
    <Toolchain Name="ARM MDK Generic" Selected="False">
      <Tool Name="prebuild" Command="" Options="" />
      <Tool Name="assembler" Command="armasm.exe" Options="--cpu=Cortex-M3 --diag_style=gnu --thumb -i. -iGenerated_Source\PSoC5 -g --list=${OutputDir}/${CompileFile}.lst &quot;--predefine=__MICROLIB SETA 1&quot;" />
      <Tool Name="compiler" Command="armcc.exe" Options="--cpu=Cortex-M3 --C99 --diag_style=gnu -I. -IGenerated_Source\PSoC5 --list --signed_chars -g -D DEBUG -D CY_CORE_ID=0 -O0 --split_sections -D__MICROLIB" />
      <Tool Name="linker" Command="armlink.exe" Options="--cpu=Cortex-M3 --diag_style=gnu --no_startup --library_type=microlib --map --list ${OutputDir}/${ProjectShortName}.map --scatter Generated_Source\PSoC5\Cm3RealView.scat" />
      <Tool Name="postbuild" Command="" Options="" />
    </Toolchain>
    <Toolchain Name="ARM IAR Generic" Selected="False">
      <Tool Name="prebuild" Command="" Options="" />
      <Tool Name="assembler" Command="iasmarm.exe" Options="--cpu Cortex-M3 -I. -IGenerated_Source\PSoC5 -s+ -M&lt;&gt; -w+ -r -DDEBUG --fpu None" />
      <Tool Name="compiler" Command="iccarm.exe" Options="--cpu Cortex-M3 -I. -IGenerated_Source\PSoC5 -D DEBUG -D CY_CORE_ID=0 -I. -IGenerated_Source\PSoC5 -D DEBUG -D CY_CORE_ID=0 --no_cse --no_unroll --no_inline --no_code_motion --no_tbaa --no_clustering --no_scheduling --debug --endian=little -e --fpu=None -On --no_wrap_diagnostics" />
      <Tool Name="linker" Command="ilinkarm.exe" Options="--semihosting --entry __iar_program_start --config Generated_Source\PSoC5\Cm3Iar.icf" />
      <Tool Name="postbuild" Command="" Options="" />
    </Toolchain>
  </Toolchains>
  <Project Name="erika_blinker" Path="D:\50_HDA\60_Lehre\40_Vorlesungen\10_EOS\20_Lecture_PO2019\020_OSEK_PSOC\work_psoc\erika_blinker.cydsn" Version="5.70" Type="Normal">
    <CMSIS_SVD_File>erika_blinker.svd</CMSIS_SVD_File>
    <Datasheet />
    <LinkerFiles>
      <LinkerFile Toolchain="ARM GCC Generic">.\Generated_Source\PSoC5\cm3gcc.ld</LinkerFile>
      <LinkerFile Toolchain="ARM MDK Generic">.\Generated_Source\PSoC5\Cm3RealView.scat</LinkerFile>
      <LinkerFile Toolchain="ARM IAR Generic">.\Generated_Source\PSoC5\Cm3Iar.icf</LinkerFile>
    </LinkerFiles>
    <Folders>
      <Folder BuildType="STRICT" Path="D:\50_HDA\60_Lehre\40_Vorlesungen\10_EOS\20_Lecture_PO2019\020_OSEK_PSOC\work_psoc\erika_blinker.cydsn">
        <Files Root="D:\50_HDA\60_Lehre\40_Vorlesungen\10_EOS\20_Lecture_PO2019\020_OSEK_PSOC\work_psoc\erika_blinker.cydsn">
          <File BuildType="BUILD" Toolchain="">source\asw\cyapicallbacks.h</File>
          <File BuildType="BUILD" Toolchain="">source\asw\main.c</File>
          <File BuildType="BUILD" Toolchain="">source\asw\blinker.c</File>
          <File BuildType="BUILD" Toolchain="">source\asw\blinker.h</File>
        </Files>
      </Folder>
      <Folder BuildType="STRICT" Path="D:\50_HDA\60_Lehre\40_Vorlesungen\10_EOS\20_Lecture_PO2019\020_OSEK_PSOC\work_psoc\erika_blinker.cydsn">
        <Files Root="D:\50_HDA\60_Lehre\40_Vorlesungen\10_EOS\20_Lecture_PO2019\020_OSEK_PSOC\work_psoc\erika_blinker.cydsn">
          <File BuildType="BUILD" Toolchain="">source\bsw\derivate.h</File>
          <File BuildType="BUILD" Toolchain="">source\bsw\global.h</File>
          <File BuildType="BUILD" Toolchain="">source\bsw\button.c</File>
          <File BuildType="BUILD" Toolchain="">source\bsw\button.h</File>
          <File BuildType="BUILD" Toolchain="">source\bsw\led.c</File>
          <File BuildType="BUILD" Toolchain="">source\bsw\led.h</File>
          <File BuildType="BUILD" Toolchain="">source\bsw\seven.c</File>
          <File BuildType="BUILD" Toolchain="">source\bsw\seven.h</File>
        </Files>
      </Folder>
      <Folder BuildType="STRICT" Path="D:\50_HDA\60_Lehre\40_Vorlesungen\10_EOS\20_Lecture_PO2019\020_OSEK_PSOC\work_psoc\erika_blinker.cydsn">
        <Files Root="D:\50_HDA\60_Lehre\40_Vorlesungen\10_EOS\20_Lecture_PO2019\020_OSEK_PSOC\work_psoc\erika_blinker.cydsn">
          <File BuildType="BUILD" Toolchain="">cyapicallbacks.h</File>
        </Files>
      </Folder>
      <Folder BuildType="STRICT" Path="D:\50_HDA\60_Lehre\40_Vorlesungen\10_EOS\20_Lecture_PO2019\020_OSEK_PSOC\work_psoc\erika_blinker.cydsn\Generated_Source\PSoC5">
        <Files Root="D:\50_HDA\60_Lehre\40_Vorlesungen\10_EOS\20_Lecture_PO2019\020_OSEK_PSOC\work_psoc\erika_blinker.cydsn">
          <File BuildType="BUILD" Toolchain="">Generated_Source\PSoC5\cyfitter_cfg.h</File>
          <File BuildType="BUILD" Toolchain="">Generated_Source\PSoC5\cyfitter_cfg.c</File>
          <File BuildType="BUILD" Toolchain="">Generated_Source\PSoC5\cymetadata.c</File>
          <File BuildType="BUILD" Toolchain="">Generated_Source\PSoC5\cydevice.h</File>
          <File BuildType="BUILD" Toolchain="">Generated_Source\PSoC5\cydevicegnu.inc</File>
          <File BuildType="BUILD" Toolchain="">Generated_Source\PSoC5\cydevicerv.inc</File>
          <File BuildType="BUILD" Toolchain="">Generated_Source\PSoC5\cydeviceiar.inc</File>
          <File BuildType="BUILD" Toolchain="">Generated_Source\PSoC5\cydevice_trm.h</File>
          <File BuildType="BUILD" Toolchain="">Generated_Source\PSoC5\cydevicegnu_trm.inc</File>
          <File BuildType="BUILD" Toolchain="">Generated_Source\PSoC5\cydevicerv_trm.inc</File>
          <File BuildType="BUILD" Toolchain="">Generated_Source\PSoC5\cydeviceiar_trm.inc</File>
          <File BuildType="BUILD" Toolchain="">Generated_Source\PSoC5\cyfittergnu.inc</File>
          <File BuildType="BUILD" Toolchain="">Generated_Source\PSoC5\cyfitterrv.inc</File>
          <File BuildType="BUILD" Toolchain="">Generated_Source\PSoC5\cyfitteriar.inc</File>
          <File BuildType="BUILD" Toolchain="">Generated_Source\PSoC5\cyfitter.h</File>
          <File BuildType="BUILD" Toolchain="">Generated_Source\PSoC5\cydisabledsheets.h</File>
          <File BuildType="BUILD" Toolchain="">Generated_Source\PSoC5\OS_ee.h</File>
          <File BuildType="BUILD" Toolchain="">Generated_Source\PSoC5\OS_ee_api.inc</File>
          <File BuildType="BUILD" Toolchain="">Generated_Source\PSoC5\OS_ee_internal.inc</File>
          <File BuildType="BUILD" Toolchain="">Generated_Source\PSoC5\OS_ee_irq.inc</File>
          <File BuildType="BUILD" Toolchain="">Generated_Source\PSoC5\OS_ee_os.inc</File>
          <File BuildType="BUILD" Toolchain="">Generated_Source\PSoC5\OS_ee_rtdruid_versions.inc</File>
          <File BuildType="BUILD" Toolchain="">Generated_Source\PSoC5\OS_ee_oo_api.inc</File>
          <File BuildType="BUILD" Toolchain="">Generated_Source\PSoC5\OS_ee_oo_common.inc</File>
          <File BuildType="BUILD" Toolchain="">Generated_Source\PSoC5\OS_ee_oo_inline.inc</File>
          <File BuildType="BUILD" Toolchain="">Generated_Source\PSoC5\OS_ee_oo_internal.inc</File>
          <File BuildType="BUILD" Toolchain="">Generated_Source\PSoC5\OS_ee_oo_intfunc.inc</File>
          <File BuildType="BUILD" Toolchain="">Generated_Source\PSoC5\OS_ee_oo_irq.inc</File>
          <File BuildType="BUILD" Toolchain="">Generated_Source\PSoC5\OS_ee_oo_kernel.inc</File>
          <File BuildType="BUILD" Toolchain="">Generated_Source\PSoC5\OS_ee_activate.c</File>
          <File BuildType="BUILD" Toolchain="">Generated_Source\PSoC5\OS_ee_alcancel.c</File>
          <File BuildType="BUILD" Toolchain="">Generated_Source\PSoC5\OS_ee_alget.c</File>
          <File BuildType="BUILD" Toolchain="">Generated_Source\PSoC5\OS_ee_algetbase.c</File>
          <File BuildType="BUILD" Toolchain="">Generated_Source\PSoC5\OS_ee_alsetabs.c</File>
          <File BuildType="BUILD" Toolchain="">Generated_Source\PSoC5\OS_ee_alsetrel.c</File>
          <File BuildType="BUILD" Toolchain="">Generated_Source\PSoC5\OS_ee_altick.c</File>
          <File BuildType="BUILD" Toolchain="">Generated_Source\PSoC5\OS_ee_chaintas.c</File>
          <File BuildType="BUILD" Toolchain="">Generated_Source\PSoC5\OS_ee_evclear.c</File>
          <File BuildType="BUILD" Toolchain="">Generated_Source\PSoC5\OS_ee_evget.c</File>
          <File BuildType="BUILD" Toolchain="">Generated_Source\PSoC5\OS_ee_evset.c</File>
          <File BuildType="BUILD" Toolchain="">Generated_Source\PSoC5\OS_ee_evwait.c</File>
          <File BuildType="BUILD" Toolchain="">Generated_Source\PSoC5\OS_ee_force_schedule.c</File>
          <File BuildType="BUILD" Toolchain="">Generated_Source\PSoC5\OS_ee_getcountervalue.c</File>
          <File BuildType="BUILD" Toolchain="">Generated_Source\PSoC5\OS_ee_getelapsedvalue.c</File>
          <File BuildType="BUILD" Toolchain="">Generated_Source\PSoC5\OS_ee_gettaskid.c</File>
          <File BuildType="BUILD" Toolchain="">Generated_Source\PSoC5\OS_ee_gettaskstate.c</File>
          <File BuildType="BUILD" Toolchain="">Generated_Source\PSoC5\OS_ee_iparam.c</File>
          <File BuildType="BUILD" Toolchain="">Generated_Source\PSoC5\OS_ee_irqendin.c</File>
          <File BuildType="BUILD" Toolchain="">Generated_Source\PSoC5\OS_ee_lockres.c</File>
          <File BuildType="BUILD" Toolchain="">Generated_Source\PSoC5\OS_ee_lookup.c</File>
          <File BuildType="BUILD" Toolchain="">Generated_Source\PSoC5\OS_ee_rq_exchg.c</File>
          <File BuildType="BUILD" Toolchain="">Generated_Source\PSoC5\OS_ee_rq_first.c</File>
          <File BuildType="BUILD" Toolchain="">Generated_Source\PSoC5\OS_ee_rq_inser.c</File>
          <File BuildType="BUILD" Toolchain="">Generated_Source\PSoC5\OS_ee_schedule.c</File>
          <File BuildType="BUILD" Toolchain="">Generated_Source\PSoC5\OS_ee_semgetvalue.c</File>
          <File BuildType="BUILD" Toolchain="">Generated_Source\PSoC5\OS_ee_sempost.c</File>
          <File BuildType="BUILD" Toolchain="">Generated_Source\PSoC5\OS_ee_semtrywait.c</File>
          <File BuildType="BUILD" Toolchain="">Generated_Source\PSoC5\OS_ee_semwait.c</File>
          <File BuildType="BUILD" Toolchain="">Generated_Source\PSoC5\OS_ee_shtdown.c</File>
          <File BuildType="BUILD" Toolchain="">Generated_Source\PSoC5\OS_ee_startos.c</File>
          <File BuildType="BUILD" Toolchain="">Generated_Source\PSoC5\OS_ee_terminat.c</File>
          <File BuildType="BUILD" Toolchain="">Generated_Source\PSoC5\OS_ee_thendin.c</File>
          <File BuildType="BUILD" Toolchain="">Generated_Source\PSoC5\OS_ee_tnterm.c</File>
          <File BuildType="BUILD" Toolchain="">Generated_Source\PSoC5\OS_ee_tstub.c</File>
          <File BuildType="BUILD" Toolchain="">Generated_Source\PSoC5\OS_ee_ulockallres.c</File>
          <File BuildType="BUILD" Toolchain="">Generated_Source\PSoC5\OS_ee_ulockres.c</File>
          <File BuildType="BUILD" Toolchain="">Generated_Source\PSoC5\OS_cortex_mx_ee_context.inc</File>
          <File BuildType="BUILD" Toolchain="">Generated_Source\PSoC5\OS_cortex_mx_ee_cpu.inc</File>
          <File BuildType="BUILD" Toolchain="">Generated_Source\PSoC5\OS_cortex_mx_ee_internal.inc</File>
          <File BuildType="BUILD" Toolchain="">Generated_Source\PSoC5\OS_cortex_mx_ee_irq.inc</File>
          <File BuildType="BUILD" Toolchain="">Generated_Source\PSoC5\OS_cortex_mx_ee_irq_cng_cont.inc</File>
          <File BuildType="BUILD" Toolchain="">Generated_Source\PSoC5\OS_cortex_mx_ee_nvic.inc</File>
          <File BuildType="BUILD" Toolchain="">Generated_Source\PSoC5\OS_cortex_mx_ee_systick.inc</File>
          <File BuildType="BUILD" Toolchain="">Generated_Source\PSoC5\OS_cortex_mx_ee_context.c</File>
          <File BuildType="BUILD" Toolchain="">Generated_Source\PSoC5\OS_cortex_mx_ee_system_timer.c</File>
          <File BuildType="BUILD" Toolchain="">Generated_Source\PSoC5\OS_cortex_mx_ee_utils.c</File>
          <File BuildType="BUILD" Toolchain="">Generated_Source\PSoC5\OS_ee_gnu_change_context_isr.s</File>
          <File BuildType="BUILD" Toolchain="">Generated_Source\PSoC5\OS_ee_gnu_irq_stack.s</File>
          <File BuildType="BUILD" Toolchain="">Generated_Source\PSoC5\OS_ee_gnu_multi_context.s</File>
          <File BuildType="BUILD" Toolchain="">Generated_Source\PSoC5\OS_ee_gnu_oo.s</File>
          <File BuildType="BUILD" Toolchain="">Generated_Source\PSoC5\OS_common_ee_compiler_gcc.inc</File>
          <File BuildType="BUILD" Toolchain="">Generated_Source\PSoC5\OS_common_ee_hal_structs.inc</File>
          <File BuildType="BUILD" Toolchain="">Generated_Source\PSoC5\OS_common_ee_primitives.inc</File>
          <File BuildType="BUILD" Toolchain="">Generated_Source\PSoC5\OS_common_ee_types.inc</File>
          <File BuildType="BUILD" Toolchain="">Generated_Source\PSoC5\OS_common_ee_irqstub.inc</File>
          <File BuildType="BUILD" Toolchain="">Generated_Source\PSoC5\OS_common_ee_stdint.inc</File>
          <File BuildType="BUILD" Toolchain="">Generated_Source\PSoC5\OS_common_ee_hal_structs.c</File>
          <File BuildType="BUILD" Toolchain="">Generated_Source\PSoC5\OS_ee_as_kernel.inc</File>
          <File BuildType="BUILD" Toolchain="">Generated_Source\PSoC5\OS_ee_as_timing_prot.inc</File>
          <File BuildType="BUILD" Toolchain="">Generated_Source\PSoC5\OS_ee_as_internal.inc</File>
          <File BuildType="BUILD" Toolchain="">Generated_Source\PSoC5\OS_eecfg.c</File>
          <File BuildType="BUILD" Toolchain="">Generated_Source\PSoC5\OS_eecfg.inc</File>
          <File BuildType="BUILD" Toolchain="">Generated_Source\PSoC5\OS_task_priorities.inc</File>
          <File BuildType="BUILD" Toolchain="">Generated_Source\PSoC5\OS_event_definition.inc</File>
          <File BuildType="BUILD" Toolchain="">Generated_Source\PSoC5\OS_resource_priorities.inc</File>
          <File BuildType="BUILD" Toolchain="">Generated_Source\PSoC5\OS_ISR_definition.inc</File>
          <File BuildType="BUILD" Toolchain="">Generated_Source\PSoC5\SEVEN_C_aliases.h</File>
          <File BuildType="BUILD" Toolchain="">Generated_Source\PSoC5\SEVEN_C.c</File>
          <File BuildType="BUILD" Toolchain="">Generated_Source\PSoC5\SEVEN_C.h</File>
          <File BuildType="BUILD" Toolchain="">Generated_Source\PSoC5\SEVEN_B_aliases.h</File>
          <File BuildType="BUILD" Toolchain="">Generated_Source\PSoC5\SEVEN_B.c</File>
          <File BuildType="BUILD" Toolchain="">Generated_Source\PSoC5\SEVEN_B.h</File>
          <File BuildType="BUILD" Toolchain="">Generated_Source\PSoC5\SEVEN_A_aliases.h</File>
          <File BuildType="BUILD" Toolchain="">Generated_Source\PSoC5\SEVEN_A.c</File>
          <File BuildType="BUILD" Toolchain="">Generated_Source\PSoC5\SEVEN_A.h</File>
          <File BuildType="BUILD" Toolchain="">Generated_Source\PSoC5\SEVEN_D_aliases.h</File>
          <File BuildType="BUILD" Toolchain="">Generated_Source\PSoC5\SEVEN_D.c</File>
          <File BuildType="BUILD" Toolchain="">Generated_Source\PSoC5\SEVEN_D.h</File>
          <File BuildType="BUILD" Toolchain="">Generated_Source\PSoC5\SEVEN_E_aliases.h</File>
          <File BuildType="BUILD" Toolchain="">Generated_Source\PSoC5\SEVEN_E.c</File>
          <File BuildType="BUILD" Toolchain="">Generated_Source\PSoC5\SEVEN_E.h</File>
          <File BuildType="BUILD" Toolchain="">Generated_Source\PSoC5\SEVEN_F_aliases.h</File>
          <File BuildType="BUILD" Toolchain="">Generated_Source\PSoC5\SEVEN_F.c</File>
          <File BuildType="BUILD" Toolchain="">Generated_Source\PSoC5\SEVEN_F.h</File>
          <File BuildType="BUILD" Toolchain="">Generated_Source\PSoC5\SEVEN_G_aliases.h</File>
          <File BuildType="BUILD" Toolchain="">Generated_Source\PSoC5\SEVEN_G.c</File>
          <File BuildType="BUILD" Toolchain="">Generated_Source\PSoC5\SEVEN_G.h</File>
          <File BuildType="BUILD" Toolchain="">Generated_Source\PSoC5\SEVEN_DP_aliases.h</File>
          <File BuildType="BUILD" Toolchain="">Generated_Source\PSoC5\SEVEN_DP.c</File>
          <File BuildType="BUILD" Toolchain="">Generated_Source\PSoC5\SEVEN_DP.h</File>
          <File BuildType="BUILD" Toolchain="">Generated_Source\PSoC5\SEVEN_SELECT_aliases.h</File>
          <File BuildType="BUILD" Toolchain="">Generated_Source\PSoC5\SEVEN_SELECT.c</File>
          <File BuildType="BUILD" Toolchain="">Generated_Source\PSoC5\SEVEN_SELECT.h</File>
          <File BuildType="BUILD" Toolchain="">Generated_Source\PSoC5\SEVEN_reg.h</File>
          <File BuildType="BUILD" Toolchain="">Generated_Source\PSoC5\SEVEN_reg.c</File>
          <File BuildType="BUILD" Toolchain="">Generated_Source\PSoC5\SEVEN_reg_PM.c</File>
          <File BuildType="BUILD" Toolchain="">Generated_Source\PSoC5\BUTTON_1_aliases.h</File>
          <File BuildType="BUILD" Toolchain="">Generated_Source\PSoC5\BUTTON_1.c</File>
          <File BuildType="BUILD" Toolchain="">Generated_Source\PSoC5\BUTTON_1.h</File>
          <File BuildType="BUILD" Toolchain="">Generated_Source\PSoC5\isr_Button.c</File>
          <File BuildType="BUILD" Toolchain="">Generated_Source\PSoC5\isr_Button.h</File>
          <File BuildType="BUILD" Toolchain="">Generated_Source\PSoC5\BUTTON_2_aliases.h</File>
          <File BuildType="BUILD" Toolchain="">Generated_Source\PSoC5\BUTTON_2.c</File>
          <File BuildType="BUILD" Toolchain="">Generated_Source\PSoC5\BUTTON_2.h</File>
          <File BuildType="BUILD" Toolchain="">Generated_Source\PSoC5\BUTTON_3_aliases.h</File>
          <File BuildType="BUILD" Toolchain="">Generated_Source\PSoC5\BUTTON_3.c</File>
          <File BuildType="BUILD" Toolchain="">Generated_Source\PSoC5\BUTTON_3.h</File>
          <File BuildType="BUILD" Toolchain="">Generated_Source\PSoC5\BUTTON_4_aliases.h</File>
          <File BuildType="BUILD" Toolchain="">Generated_Source\PSoC5\BUTTON_4.c</File>
          <File BuildType="BUILD" Toolchain="">Generated_Source\PSoC5\BUTTON_4.h</File>
          <File BuildType="BUILD" Toolchain="">Generated_Source\PSoC5\LED_red_aliases.h</File>
          <File BuildType="BUILD" Toolchain="">Generated_Source\PSoC5\LED_red.c</File>
          <File BuildType="BUILD" Toolchain="">Generated_Source\PSoC5\LED_red.h</File>
          <File BuildType="BUILD" Toolchain="">Generated_Source\PSoC5\LED_yellow_aliases.h</File>
          <File BuildType="BUILD" Toolchain="">Generated_Source\PSoC5\LED_yellow.c</File>
          <File BuildType="BUILD" Toolchain="">Generated_Source\PSoC5\LED_yellow.h</File>
          <File BuildType="BUILD" Toolchain="">Generated_Source\PSoC5\LED_green_aliases.h</File>
          <File BuildType="BUILD" Toolchain="">Generated_Source\PSoC5\LED_green.c</File>
          <File BuildType="BUILD" Toolchain="">Generated_Source\PSoC5\LED_green.h</File>
          <File BuildType="BUILD" Toolchain="">Generated_Source\PSoC5\UART_LOG.c</File>
          <File BuildType="BUILD" Toolchain="">Generated_Source\PSoC5\UART_LOG.h</File>
          <File BuildType="BUILD" Toolchain="">Generated_Source\PSoC5\UART_LOG_PM.c</File>
          <File BuildType="BUILD" Toolchain="">Generated_Source\PSoC5\UART_LOG_INT.c</File>
          <File BuildType="BUILD" Toolchain="">Generated_Source\PSoC5\UART_LOG_BOOT.c</File>
          <File BuildType="BUILD" Toolchain="">Generated_Source\PSoC5\RGB_PWM_red.c</File>
          <File BuildType="BUILD" Toolchain="">Generated_Source\PSoC5\RGB_PWM_red.h</File>
          <File BuildType="BUILD" Toolchain="">Generated_Source\PSoC5\RGB_PWM_red_PM.c</File>
          <File BuildType="BUILD" Toolchain="">Generated_Source\PSoC5\PWM_Clock.c</File>
          <File BuildType="BUILD" Toolchain="">Generated_Source\PSoC5\PWM_Clock.h</File>
          <File BuildType="BUILD" Toolchain="">Generated_Source\PSoC5\RGB_PWM_green.c</File>
          <File BuildType="BUILD" Toolchain="">Generated_Source\PSoC5\RGB_PWM_green.h</File>
          <File BuildType="BUILD" Toolchain="">Generated_Source\PSoC5\RGB_PWM_green_PM.c</File>
          <File BuildType="BUILD" Toolchain="">Generated_Source\PSoC5\RGB_PWM_blue.c</File>
          <File BuildType="BUILD" Toolchain="">Generated_Source\PSoC5\RGB_PWM_blue.h</File>
          <File BuildType="BUILD" Toolchain="">Generated_Source\PSoC5\RGB_PWM_blue_PM.c</File>
          <File BuildType="BUILD" Toolchain="">Generated_Source\PSoC5\RGB_R_aliases.h</File>
          <File BuildType="BUILD" Toolchain="">Generated_Source\PSoC5\RGB_R.c</File>
          <File BuildType="BUILD" Toolchain="">Generated_Source\PSoC5\RGB_R.h</File>
          <File BuildType="BUILD" Toolchain="">Generated_Source\PSoC5\RGB_G_aliases.h</File>
          <File BuildType="BUILD" Toolchain="">Generated_Source\PSoC5\RGB_G.c</File>
          <File BuildType="BUILD" Toolchain="">Generated_Source\PSoC5\RGB_G.h</File>
          <File BuildType="BUILD" Toolchain="">Generated_Source\PSoC5\RGB_B_aliases.h</File>
          <File BuildType="BUILD" Toolchain="">Generated_Source\PSoC5\RGB_B.c</File>
          <File BuildType="BUILD" Toolchain="">Generated_Source\PSoC5\RGB_B.h</File>
          <File BuildType="BUILD" Toolchain="">Generated_Source\PSoC5\UART_LOG_IntClock.c</File>
          <File BuildType="BUILD" Toolchain="">Generated_Source\PSoC5\UART_LOG_IntClock.h</File>
          <File BuildType="BUILD" Toolchain="ARM GCC Generic">Generated_Source\PSoC5\cm3gcc.ld</File>
          <File BuildType="BUILD" Toolchain="ARM MDK Generic">Generated_Source\PSoC5\Cm3RealView.scat</File>
          <File BuildType="BUILD" Toolchain="">Generated_Source\PSoC5\Cm3Start.c</File>
          <File BuildType="BUILD" Toolchain="">Generated_Source\PSoC5\core_cm3.h</File>
          <File BuildType="BUILD" Toolchain="">Generated_Source\PSoC5\core_cm3_psoc5.h</File>
          <File BuildType="BUILD" Toolchain="ARM GCC Generic">Generated_Source\PSoC5\CyBootAsmGnu.s</File>
          <File BuildType="BUILD" Toolchain="ARM MDK Generic">Generated_Source\PSoC5\CyBootAsmRv.s</File>
          <File BuildType="BUILD" Toolchain="">Generated_Source\PSoC5\CyDmac.c</File>
          <File BuildType="BUILD" Toolchain="">Generated_Source\PSoC5\CyDmac.h</File>
          <File BuildType="BUILD" Toolchain="">Generated_Source\PSoC5\CyFlash.c</File>
          <File BuildType="BUILD" Toolchain="">Generated_Source\PSoC5\CyFlash.h</File>
          <File BuildType="BUILD" Toolchain="">Generated_Source\PSoC5\CyLib.c</File>
          <File BuildType="BUILD" Toolchain="">Generated_Source\PSoC5\CyLib.h</File>
          <File BuildType="BUILD" Toolchain="">Generated_Source\PSoC5\cypins.h</File>
          <File BuildType="BUILD" Toolchain="">Generated_Source\PSoC5\cyPm.c</File>
          <File BuildType="BUILD" Toolchain="">Generated_Source\PSoC5\cyPm.h</File>
          <File BuildType="BUILD" Toolchain="">Generated_Source\PSoC5\CySpc.c</File>
          <File BuildType="BUILD" Toolchain="">Generated_Source\PSoC5\CySpc.h</File>
          <File BuildType="BUILD" Toolchain="">Generated_Source\PSoC5\cytypes.h</File>
          <File BuildType="BUILD" Toolchain="">Generated_Source\PSoC5\cyutils.c</File>
          <File BuildType="BUILD" Toolchain="">Generated_Source\PSoC5\core_cmFunc.h</File>
          <File BuildType="BUILD" Toolchain="">Generated_Source\PSoC5\core_cmInstr.h</File>
          <File BuildType="BUILD" Toolchain="ARM IAR Generic">Generated_Source\PSoC5\Cm3Iar.icf</File>
          <File BuildType="BUILD" Toolchain="ARM IAR Generic">Generated_Source\PSoC5\CyBootAsmIar.s</File>
          <File BuildType="BUILD" Toolchain="">Generated_Source\PSoC5\cmsis_armcc.h</File>
          <File BuildType="BUILD" Toolchain="">Generated_Source\PSoC5\cmsis_gcc.h</File>
          <File BuildType="BUILD" Toolchain="">Generated_Source\PSoC5\cmsis_compiler.h</File>
          <File BuildType="BUILD" Toolchain="">Generated_Source\PSoC5\cy_em_eeprom.c</File>
          <File BuildType="BUILD" Toolchain="">Generated_Source\PSoC5\cy_em_eeprom.h</File>
          <File BuildType="BUILD" Toolchain="">Generated_Source\PSoC5\project.h</File>
          <File BuildType="BUILD" Toolchain="">Generated_Source\PSoC5\cycodeshareimport.ld</File>
          <File BuildType="BUILD" Toolchain="">Generated_Source\PSoC5\cycodeshareexport.ld</File>
          <File BuildType="BUILD" Toolchain="">Generated_Source\PSoC5\cycodeshareimport.scat</File>
        </Files>
      </Folder>
      <Folder BuildType="STRICT" Path="D:\50_HDA\60_Lehre\40_Vorlesungen\10_EOS\20_Lecture_PO2019\020_OSEK_PSOC\work_psoc\erika_blinker.cydsn\Export\ARM_GCC_Generic">
        <Files Root="D:\50_HDA\60_Lehre\40_Vorlesungen\10_EOS\20_Lecture_PO2019\020_OSEK_PSOC\work_psoc\erika_blinker.cydsn">
          <File BuildType="BUILD" Toolchain="ARM GCC Generic">.\Export\ARM_GCC_Generic\CyComponentLibrary.a</File>
        </Files>
      </Folder>
      <Folder BuildType="STRICT" Path="D:\50_HDA\60_Lehre\40_Vorlesungen\10_EOS\20_Lecture_PO2019\020_OSEK_PSOC\work_psoc\erika_blinker.cydsn\Export\ARM_MDK_Generic">
        <Files Root="D:\50_HDA\60_Lehre\40_Vorlesungen\10_EOS\20_Lecture_PO2019\020_OSEK_PSOC\work_psoc\erika_blinker.cydsn">
          <File BuildType="BUILD" Toolchain="ARM MDK Generic">.\Export\ARM_MDK_Generic\CyComponentLibrary.a</File>
        </Files>
      </Folder>
      <Folder BuildType="STRICT" Path="D:\50_HDA\60_Lehre\40_Vorlesungen\10_EOS\20_Lecture_PO2019\020_OSEK_PSOC\work_psoc\erika_blinker.cydsn\Export\ARM_IAR_Generic">
        <Files Root="D:\50_HDA\60_Lehre\40_Vorlesungen\10_EOS\20_Lecture_PO2019\020_OSEK_PSOC\work_psoc\erika_blinker.cydsn">
          <File BuildType="BUILD" Toolchain="ARM IAR Generic">.\Export\ARM_IAR_Generic\CyComponentLibrary.a</File>
        </Files>
      </Folder>
      <Folder BuildType="EXCLUDE" Path=".\codegentemp">
        <Files Root="D:\50_HDA\60_Lehre\40_Vorlesungen\10_EOS\20_Lecture_PO2019\020_OSEK_PSOC\work_psoc\erika_blinker.cydsn" />
      </Folder>
      <Folder BuildType="EXCLUDE" Path=".\ARM_GCC_441">
        <Files Root="D:\50_HDA\60_Lehre\40_Vorlesungen\10_EOS\20_Lecture_PO2019\020_OSEK_PSOC\work_psoc\erika_blinker.cydsn" />
      </Folder>
      <Folder BuildType="EXCLUDE" Path=".\ARM_GCC_473">
        <Files Root="D:\50_HDA\60_Lehre\40_Vorlesungen\10_EOS\20_Lecture_PO2019\020_OSEK_PSOC\work_psoc\erika_blinker.cydsn" />
      </Folder>
      <Folder BuildType="EXCLUDE" Path=".\DP8051_Keil_952">
        <Files Root="D:\50_HDA\60_Lehre\40_Vorlesungen\10_EOS\20_Lecture_PO2019\020_OSEK_PSOC\work_psoc\erika_blinker.cydsn" />
      </Folder>
      <Folder BuildType="EXCLUDE" Path=".\DP8051">
        <Files Root="D:\50_HDA\60_Lehre\40_Vorlesungen\10_EOS\20_Lecture_PO2019\020_OSEK_PSOC\work_psoc\erika_blinker.cydsn" />
      </Folder>
      <Folder BuildType="EXCLUDE" Path=".\CortexM0">
        <Files Root="D:\50_HDA\60_Lehre\40_Vorlesungen\10_EOS\20_Lecture_PO2019\020_OSEK_PSOC\work_psoc\erika_blinker.cydsn" />
      </Folder>
      <Folder BuildType="EXCLUDE" Path=".\CortexM0p">
        <Files Root="D:\50_HDA\60_Lehre\40_Vorlesungen\10_EOS\20_Lecture_PO2019\020_OSEK_PSOC\work_psoc\erika_blinker.cydsn" />
      </Folder>
      <Folder BuildType="EXCLUDE" Path=".\CortexM3">
        <Files Root="D:\50_HDA\60_Lehre\40_Vorlesungen\10_EOS\20_Lecture_PO2019\020_OSEK_PSOC\work_psoc\erika_blinker.cydsn" />
      </Folder>
      <Folder BuildType="EXCLUDE" Path=".\CortexM4">
        <Files Root="D:\50_HDA\60_Lehre\40_Vorlesungen\10_EOS\20_Lecture_PO2019\020_OSEK_PSOC\work_psoc\erika_blinker.cydsn" />
      </Folder>
      <Folder BuildType="EXCLUDE" Path=".\CortexM7">
        <Files Root="D:\50_HDA\60_Lehre\40_Vorlesungen\10_EOS\20_Lecture_PO2019\020_OSEK_PSOC\work_psoc\erika_blinker.cydsn" />
      </Folder>
      <Folder BuildType="EXCLUDE" Path="D:\50_HDA\60_Lehre\40_Vorlesungen\10_EOS\20_Lecture_PO2019\020_OSEK_PSOC\work_psoc\erika_blinker.cydsn\ErikaOS_v2_2\API">
        <Files Root="D:\50_HDA\60_Lehre\40_Vorlesungen\10_EOS\20_Lecture_PO2019\020_OSEK_PSOC\work_psoc\erika_blinker.cydsn">
          <File BuildType="EXCLUDE" Toolchain="">ErikaOS_v2_2\API\ee.h</File>
          <File BuildType="EXCLUDE" Toolchain="">ErikaOS_v2_2\API\ee_api.inc</File>
          <File BuildType="EXCLUDE" Toolchain="">ErikaOS_v2_2\API\ee_internal.inc</File>
          <File BuildType="EXCLUDE" Toolchain="">ErikaOS_v2_2\API\ee_irq.inc</File>
          <File BuildType="EXCLUDE" Toolchain="">ErikaOS_v2_2\API\ee_os.inc</File>
          <File BuildType="EXCLUDE" Toolchain="">ErikaOS_v2_2\API\ee_rtdruid_versions.inc</File>
          <File BuildType="EXCLUDE" Toolchain="">ErikaOS_v2_2\API\ee_oo_api.inc</File>
          <File BuildType="EXCLUDE" Toolchain="">ErikaOS_v2_2\API\ee_oo_common.inc</File>
          <File BuildType="EXCLUDE" Toolchain="">ErikaOS_v2_2\API\ee_oo_inline.inc</File>
          <File BuildType="EXCLUDE" Toolchain="">ErikaOS_v2_2\API\ee_oo_internal.inc</File>
          <File BuildType="EXCLUDE" Toolchain="">ErikaOS_v2_2\API\ee_oo_intfunc.inc</File>
          <File BuildType="EXCLUDE" Toolchain="">ErikaOS_v2_2\API\ee_oo_irq.inc</File>
          <File BuildType="EXCLUDE" Toolchain="">ErikaOS_v2_2\API\ee_oo_kernel.inc</File>
          <File BuildType="EXCLUDE" Toolchain="">ErikaOS_v2_2\API\ee_activate.c</File>
          <File BuildType="EXCLUDE" Toolchain="">ErikaOS_v2_2\API\ee_alcancel.c</File>
          <File BuildType="EXCLUDE" Toolchain="">ErikaOS_v2_2\API\ee_alget.c</File>
          <File BuildType="EXCLUDE" Toolchain="">ErikaOS_v2_2\API\ee_algetbase.c</File>
          <File BuildType="EXCLUDE" Toolchain="">ErikaOS_v2_2\API\ee_alsetabs.c</File>
          <File BuildType="EXCLUDE" Toolchain="">ErikaOS_v2_2\API\ee_alsetrel.c</File>
          <File BuildType="EXCLUDE" Toolchain="">ErikaOS_v2_2\API\ee_altick.c</File>
          <File BuildType="EXCLUDE" Toolchain="">ErikaOS_v2_2\API\ee_chaintas.c</File>
          <File BuildType="EXCLUDE" Toolchain="">ErikaOS_v2_2\API\ee_evclear.c</File>
          <File BuildType="EXCLUDE" Toolchain="">ErikaOS_v2_2\API\ee_evget.c</File>
          <File BuildType="EXCLUDE" Toolchain="">ErikaOS_v2_2\API\ee_evset.c</File>
          <File BuildType="EXCLUDE" Toolchain="">ErikaOS_v2_2\API\ee_evwait.c</File>
          <File BuildType="EXCLUDE" Toolchain="">ErikaOS_v2_2\API\ee_force_schedule.c</File>
          <File BuildType="EXCLUDE" Toolchain="">ErikaOS_v2_2\API\ee_getcountervalue.c</File>
          <File BuildType="EXCLUDE" Toolchain="">ErikaOS_v2_2\API\ee_getelapsedvalue.c</File>
          <File BuildType="EXCLUDE" Toolchain="">ErikaOS_v2_2\API\ee_gettaskid.c</File>
          <File BuildType="EXCLUDE" Toolchain="">ErikaOS_v2_2\API\ee_gettaskstate.c</File>
          <File BuildType="EXCLUDE" Toolchain="">ErikaOS_v2_2\API\ee_iparam.c</File>
          <File BuildType="EXCLUDE" Toolchain="">ErikaOS_v2_2\API\ee_irqendin.c</File>
          <File BuildType="EXCLUDE" Toolchain="">ErikaOS_v2_2\API\ee_lockres.c</File>
          <File BuildType="EXCLUDE" Toolchain="">ErikaOS_v2_2\API\ee_lookup.c</File>
          <File BuildType="EXCLUDE" Toolchain="">ErikaOS_v2_2\API\ee_rq_exchg.c</File>
          <File BuildType="EXCLUDE" Toolchain="">ErikaOS_v2_2\API\ee_rq_first.c</File>
          <File BuildType="EXCLUDE" Toolchain="">ErikaOS_v2_2\API\ee_rq_inser.c</File>
          <File BuildType="EXCLUDE" Toolchain="">ErikaOS_v2_2\API\ee_schedule.c</File>
          <File BuildType="EXCLUDE" Toolchain="">ErikaOS_v2_2\API\ee_semgetvalue.c</File>
          <File BuildType="EXCLUDE" Toolchain="">ErikaOS_v2_2\API\ee_sempost.c</File>
          <File BuildType="EXCLUDE" Toolchain="">ErikaOS_v2_2\API\ee_semtrywait.c</File>
          <File BuildType="EXCLUDE" Toolchain="">ErikaOS_v2_2\API\ee_semwait.c</File>
          <File BuildType="EXCLUDE" Toolchain="">ErikaOS_v2_2\API\ee_shtdown.c</File>
          <File BuildType="EXCLUDE" Toolchain="">ErikaOS_v2_2\API\ee_startos.c</File>
          <File BuildType="EXCLUDE" Toolchain="">ErikaOS_v2_2\API\ee_terminat.c</File>
          <File BuildType="EXCLUDE" Toolchain="">ErikaOS_v2_2\API\ee_thendin.c</File>
          <File BuildType="EXCLUDE" Toolchain="">ErikaOS_v2_2\API\ee_tnterm.c</File>
          <File BuildType="EXCLUDE" Toolchain="">ErikaOS_v2_2\API\ee_tstub.c</File>
          <File BuildType="EXCLUDE" Toolchain="">ErikaOS_v2_2\API\ee_ulockallres.c</File>
          <File BuildType="EXCLUDE" Toolchain="">ErikaOS_v2_2\API\ee_ulockres.c</File>
          <File BuildType="EXCLUDE" Toolchain="">ErikaOS_v2_2\API\cortex_mx_ee_context.inc</File>
          <File BuildType="EXCLUDE" Toolchain="">ErikaOS_v2_2\API\cortex_mx_ee_cpu.inc</File>
          <File BuildType="EXCLUDE" Toolchain="">ErikaOS_v2_2\API\cortex_mx_ee_internal.inc</File>
          <File BuildType="EXCLUDE" Toolchain="">ErikaOS_v2_2\API\cortex_mx_ee_irq.inc</File>
          <File BuildType="EXCLUDE" Toolchain="">ErikaOS_v2_2\API\cortex_mx_ee_irq_cng_cont.inc</File>
          <File BuildType="EXCLUDE" Toolchain="">ErikaOS_v2_2\API\cortex_mx_ee_nvic.inc</File>
          <File BuildType="EXCLUDE" Toolchain="">ErikaOS_v2_2\API\cortex_mx_ee_systick.inc</File>
          <File BuildType="EXCLUDE" Toolchain="">ErikaOS_v2_2\API\cortex_mx_ee_context.c</File>
          <File BuildType="EXCLUDE" Toolchain="">ErikaOS_v2_2\API\cortex_mx_ee_system_timer.c</File>
          <File BuildType="EXCLUDE" Toolchain="">ErikaOS_v2_2\API\cortex_mx_ee_utils.c</File>
          <File BuildType="EXCLUDE" Toolchain="">ErikaOS_v2_2\API\ee_gnu_change_context_isr.s</File>
          <File BuildType="EXCLUDE" Toolchain="">ErikaOS_v2_2\API\ee_gnu_irq_stack.s</File>
          <File BuildType="EXCLUDE" Toolchain="">ErikaOS_v2_2\API\ee_gnu_multi_context.s</File>
          <File BuildType="EXCLUDE" Toolchain="">ErikaOS_v2_2\API\ee_gnu_oo.s</File>
          <File BuildType="EXCLUDE" Toolchain="">ErikaOS_v2_2\API\common_ee_compiler_gcc.inc</File>
          <File BuildType="EXCLUDE" Toolchain="">ErikaOS_v2_2\API\common_ee_hal_structs.inc</File>
          <File BuildType="EXCLUDE" Toolchain="">ErikaOS_v2_2\API\common_ee_primitives.inc</File>
          <File BuildType="EXCLUDE" Toolchain="">ErikaOS_v2_2\API\common_ee_types.inc</File>
          <File BuildType="EXCLUDE" Toolchain="">ErikaOS_v2_2\API\common_ee_irqstub.inc</File>
          <File BuildType="EXCLUDE" Toolchain="">ErikaOS_v2_2\API\common_ee_stdint.inc</File>
          <File BuildType="EXCLUDE" Toolchain="">ErikaOS_v2_2\API\common_ee_hal_structs.c</File>
          <File BuildType="EXCLUDE" Toolchain="">ErikaOS_v2_2\API\ee_as_kernel.inc</File>
          <File BuildType="EXCLUDE" Toolchain="">ErikaOS_v2_2\API\ee_as_timing_prot.inc</File>
          <File BuildType="EXCLUDE" Toolchain="">ErikaOS_v2_2\API\ee_as_internal.inc</File>
          <File BuildType="EXCLUDE" Toolchain="">ErikaOS_v2_2\API\eecfg.c</File>
          <File BuildType="EXCLUDE" Toolchain="">ErikaOS_v2_2\API\eecfg.inc</File>
          <File BuildType="EXCLUDE" Toolchain="">ErikaOS_v2_2\API\task_priorities.inc</File>
          <File BuildType="EXCLUDE" Toolchain="">ErikaOS_v2_2\API\event_definition.inc</File>
          <File BuildType="EXCLUDE" Toolchain="">ErikaOS_v2_2\API\resource_priorities.inc</File>
          <File BuildType="EXCLUDE" Toolchain="">ErikaOS_v2_2\API\ISR_definition.inc</File>
        </Files>
      </Folder>
    </Folders>
  </Project>
</PSoCCreatorIdeExport>